{
  "inputFileName": "/home/sething2002/Capstone_Project/Capstone_Project_III/frontend/public/data/sphere_low.obj",
  "reachable": true,
  "totalDistance": 2.07055,
  "path": [9, 10, 11, 12, 1, 13, 25],
  "allDistances": [0.517638, 1.03528, 1.03528, 1.03528, 1.03528, 1.03528, 0.776457, 0.517638, 0.258819, 0, 0.258819, 0.517638, 0.776457, 1.55291, 1.55291, 1.55291, 1.55291, 1.39611, 1.1373, 0.878476, 0.619657, 0.517638, 0.776456, 1.03528, 1.2941, 2.07055, 2.07055, 2.07055, 2.07055, 1.8444, 1.58558, 1.32676, 1.13729, 1.03528, 1.29409, 1.55291, 1.81173, 1.79769e+308, 1.79769e+308, 1.79769e+308, 2.55151, 2.29269, 2.03387, 1.8444, 1.65493, 1.55291, 1.81173, 2.07055, 2.32937, 1.79769e+308, 1.79769e+308, 1.79769e+308, 1.79769e+308, 2.65353, 2.46406, 2.27459, 2.17257, 2.07055, 2.32937, 2.58819, 1.79769e+308, 2.58819]
}