{
  "inputFileName": "./data/icosahedron.obj",
  "totalDistance": 3.15436,
  "path": [0, 2, 6, 11],
  "allDistances": [0, 1.05145, 1.05145, 1.05146, 1.05145, 1.05145, 2.10291, 2.10292, 2.10292, 2.10291, 2.10291, 3.15436]
}