{
  "inputFileName": "/home/sething2002/Capstone_Project/Capstone_Project_III/frontend/public/data/sphere_low.obj",
  "reachable": true,
  "totalDistance": 1.03528,
  "path": [0, 1, 13],
  "allDistances": [0, 0.517638, 0.517638, 0.517638, 0.517638, 0.517638, 0.517638, 0.517638, 0.517638, 0.517638, 0.517638, 0.517638, 0.517638, 1.03528, 1.03528, 1.03528, 1.03528, 1.03528, 1.03528, 1.03528, 1.03528, 1.03528, 1.03528, 1.03528, 1.03528, 1.79769e+308, 1.79769e+308, 1.79769e+308, 1.79769e+308, 1.79769e+308, 1.79769e+308, 1.79769e+308, 1.79769e+308, 1.79769e+308, 1.79769e+308, 1.79769e+308, 1.79769e+308, 1.79769e+308, 1.79769e+308, 1.79769e+308, 1.79769e+308, 1.79769e+308, 1.79769e+308, 1.79769e+308, 1.79769e+308, 1.79769e+308, 1.79769e+308, 1.79769e+308, 1.79769e+308, 1.79769e+308, 1.79769e+308, 1.79769e+308, 1.79769e+308, 1.79769e+308, 1.79769e+308, 1.79769e+308, 1.79769e+308, 1.79769e+308, 1.79769e+308, 1.79769e+308, 1.79769e+308, 1.79769e+308]
}